id,erl_id,area_of_focus,documentation_artifact,artifact_description,scf_control_mappings,scf_version,import_id,created_at,updated_at
0069c9ef-288d-4196-995a-aebe9bbbd20a,E-PES-02,Physical Security,Visitor Logbook,Documented evidence of a visitor management and logging visitor activities.,"[""PES-03.3"",""PES-06"",""PES-06.4""]",2025.1.1,,2025-07-19 21:33:19.80058+00,2025-07-19 21:33:19.80058+00
010556c0-0b6c-4582-bf71-ceefe2fd15f9,E-PRI-03,Privacy,Data Authority Registrations,Documented evidence of registrations made with applicable data authorities for privacy-related data processing.,"[""PRI-15""]",2025.1.1,,2025-07-19 21:33:19.80058+00,2025-07-19 21:33:19.80058+00
031f6e74-d8f7-4a71-942a-1f33c15eb6c6,E-DCH-07,Data Protection,Media Sanitization Documentation,Documented evidence of media sanitization actions.,"[""DCH-09"",""DCH-09.1""]",2025.1.1,,2025-07-19 21:33:19.80058+00,2025-07-19 21:33:19.80058+00
048b31a3-df0c-4ba3-9aca-0f451b1a66c9,E-AAT-08,Artificial Intelligence (AI) & Autonomous Technologies Governance,Robust Stakeholder Involvement for Artificial Intelligence and Autonomous Technologies (AAT),Documented evidence of robust stakeholder involvement on Artificial Intelligence (AI) and Autonomous Technologies (AAT) initiatives.,"[""AAT-11""]",2025.1.1,,2025-07-19 21:33:19.80058+00,2025-07-19 21:33:19.80058+00
066f289a-7e5e-48d5-a4e7-b408cb5b92c6,E-DCH-10,Data Protection,Structured & Unstructured Data Reviews,Documented evidence of a capability to review and/or scan data repositories (structured or unstructured) for instances of sensitive and/or regulated data.,"[""DCH-06.3""]",2025.1.1,,2025-07-19 21:33:19.80058+00,2025-07-19 21:33:19.80058+00
07a936e5-ee40-45af-a693-50f0ed3dbd41,E-AST-18,Asset Management,Secure Baseline Configurations - Mobile Devices,Documented evidence of secure baseline configurations for all deployed types of mobile devices.,"[""CFG-02"",""CFG-03"",""CFG-02.5""]",2025.1.1,,2025-07-19 21:33:19.80058+00,2025-07-19 21:33:19.80058+00
09f25468-60e1-4327-9809-aa541e4a6b8b,E-HRS-17,Human Resources,Background Checks,"Documented evidence of personnel screening practices, which centers around some form of formalized background check process.","[""HRS-04"",""HRS-04.1""]",2025.1.1,,2025-07-19 21:33:19.80058+00,2025-07-19 21:33:19.80058+00
0a381d47-5f52-428d-8956-5fb7cf010003,E-IRO-08,Incident Response,Root Cause Analysis (RCA),"Documented evidence of a Root Cause Analysis (RCA) from any Incident Response Plan (IRP)-related training, testing or incident.","[""IRO-13""]",2025.1.1,,2025-07-19 21:33:19.80058+00,2025-07-19 21:33:19.80058+00
0c809dab-c9e4-4457-a164-874ce24ea64f,E-BCM-01,Business Continuity,Continuity of Operations Plan (COOP),"Documented evidence of a Continuity of Operations Plan (COOP). This is program-level documentation in the form of a runbook, playbook or a similar format provides guidance on organizational practices that support existing policies and standards. This involves internal and external stakeholders for incident response, disaster recovery and business continuity support requirements.","[""BCD-01"",""BCD-01.1"",""BCD-01.2"",""BCD-01.6"",""BCD-02.1"",""SEA-01.2""]",2025.1.1,,2025-07-19 21:33:19.80058+00,2025-07-19 21:33:19.80058+00
0c8cce55-3d12-4f65-9569-819aebaf4535,E-TPM-05,Third-Party Management,Break Clauses,"Documented evidence of ""break clauses"" in third-party contracts.","[""TPM-03.2"",""TPM-03.3"",""TPM-05.7""]",2025.1.1,,2025-07-19 21:33:19.80058+00,2025-07-19 21:33:19.80058+00
0e9130c9-01af-43ee-8815-d43fe8baffbb,E-AST-16,Asset Management,Secure Baseline Configurations - Major Applications,Documented evidence of secure baseline configurations for all deployed types of major applications.,"[""CFG-02"",""CFG-03"",""CFG-02.5""]",2025.1.1,,2025-07-19 21:33:19.80058+00,2025-07-19 21:33:19.80058+00
0ea64df6-83d1-431e-a4a3-869367535a89,E-GOV-03,Cybersecurity & Data Protection Management,Charter - Cybersecurity Steering Committee,"Documented evidence of an executive steering committee, or advisory board, that is formed to perform oversight of cybersecurity management decisions and is comprised of key cybersecurity, technology, risk, privacy and business executives.","[""GOV-01.1"",""GOV-01.2""]",2025.1.1,,2025-07-19 21:33:19.80058+00,2025-07-19 21:33:19.80058+00
0ee728be-1900-403c-8983-fa3d2defd1fe,E-CPL-02,Compliance,Defined Compliance Scope (DCS),"Documented evidence of a formal scoping document that identifies applicable statutory, regulatory and/or contractual obligations for the organization. Defines the affected Lines of Business (LOB), internal / external stakeholders and facilities for the specific scope of compliance obligations.","[""AST-04.1"",""AST-04.2"",""AST-04.3"",""CPL-01.2""]",2025.1.1,,2025-07-19 21:33:19.80058+00,2025-07-19 21:33:19.80058+00
0f6257a2-e490-409a-ab2e-030b212102cc,E-IRO-02,Incident Response,Indicators of Compromise (IOC),Documented evidence of defined Indicators of Compromise (IOC).,"[""MON-11.3"",""MON-16"",""MON-16.1"",""MON-16.2"",""MON-16.3"",""IRO-03""]",2025.1.1,,2025-07-19 21:33:19.80058+00,2025-07-19 21:33:19.80058+00
0fed849b-2422-44b0-b83a-1f1ba6ff9ea5,E-GOV-12,Cybersecurity & Data Protection Management,Cybersecurity & Data Protection Policies & Standards Reviews,Documented evidence of a periodic review process for the organization's cybersecurity & data protection policies and standards to identify necessary updates.,"[""GOV-03"",""SEA-01.1"",""SEA-01.2""]",2025.1.1,,2025-07-19 21:33:19.80058+00,2025-07-19 21:33:19.80058+00
11e5572c-63a6-45b9-af74-1c3f971a8424,E-DCH-03,Data Protection,Network Diagram - Global System View (GSV),"Documented evidence of a high-level network diagram that provides a conceptual, logical depiction of the network(s) to describe the interconnections of the systems/applications/services, including internal and external interfaces.","[""AST-04"",""NET-02""]",2025.1.1,,2025-07-19 21:33:19.80058+00,2025-07-19 21:33:19.80058+00
1510cc21-4f08-4b39-a6c8-ba1072a2580d,E-TDA-02,Technology Design & Acquisition,Secure Engineering & Data Privacy (SEDP),"Documented evidence of a Secure Engineering & Data Privacy (SEDP) program. This is program-level documentation in the form of a runbook, playbook or a similar format provides guidance on organizational practices that support existing policies and standards.","[""SEA-01"",""TDA-01"",""TDA-14"",""TDA-14.1"",""TDA-14.2""]",2025.1.1,,2025-07-19 21:33:19.80058+00,2025-07-19 21:33:19.80058+00
16da3211-3116-4890-b69b-cf983ed104d6,E-CAP-01,Capacity Management,Capacity Planning,Documented evidence of proactive capacity planning to meet expected and anticipated future technology-related capacity and/or performance requirements.,"[""CAP-01"",""CAP-03""]",2025.1.1,,2025-07-19 21:33:19.80058+00,2025-07-19 21:33:19.80058+00
17d9b5a3-eefc-4b3c-9f37-c32487849b17,E-DCH-02,Data Protection,Data Handling Practices,"Documented evidence of an organization-specific data handling practices (e.g., guidance specific the data classification scheme).","[""AST-04.1"",""DCH-01.1"",""DCH-01.2"",""DCH-01.4"",""DCH-02"",""DCH-06""]",2025.1.1,,2025-07-19 21:33:19.80058+00,2025-07-19 21:33:19.80058+00
1959f23a-1856-49ed-8cea-fbae46ae6ce9,E-CRY-03,Cryptographic Protections,Certificate Monitoring,Documented evidence of certificate monitoring activities.,"[""CRY-12""]",2025.1.1,,2025-07-19 21:33:19.80058+00,2025-07-19 21:33:19.80058+00
197c8852-9058-4230-8f45-ca38a8a1b615,E-HRS-10,Human Resources,Role Assignment - DPO,Documented evidence of a formal role assignment to Data Protection Officer (DPO) positions.,"[""GOV-04"",""PRI-01.4""]",2025.1.1,,2025-07-19 21:33:19.80058+00,2025-07-19 21:33:19.80058+00
19c0d4f6-3684-4dc6-87c0-3713ca737050,E-GOV-05,Cybersecurity & Data Protection Management,Charter - Audit Committee,"Documented evidence of an executive steering committee, or advisory board, that is formed to perform oversight of internal and external audit management decisions and is comprised of key cybersecurity, technology, risk, privacy and business executives.","[""GOV-01.2"",""CPL-02""]",2025.1.1,,2025-07-19 21:33:19.80058+00,2025-07-19 21:33:19.80058+00
1bc33995-9e16-48bd-a2de-66ba576c1719,E-AAT-01,Artificial Intelligence (AI) & Autonomous Technologies Governance,Artificial Intelligence and Autonomous Technologies (AAT) Governance Program,Documented evidence of a governance program for Artificial Intelligence and Autonomous Technologies (AAT).,"[""AAT-01""]",2025.1.1,,2025-07-19 21:33:19.80058+00,2025-07-19 21:33:19.80058+00
1d6d8c5b-013e-4035-a35c-60cc640d8cb3,E-MON-01,Event Log Monitoring,Event Log Review & Analysis,Documented evidence of security event log review and analysis.,"[""MON-01"",""MON-01.1"",""MON-01.2"",""MON-01.3"",""MON-01.4"",""MON-01.8"",""MON-02"",""MON-02.2""]",2025.1.1,,2025-07-19 21:33:19.80058+00,2025-07-30 18:56:36.793232+00
1d995cee-0828-43c0-a779-e2b7f663dd29,E-TDA-03,Technology Design & Acquisition,Application Security Testing (AST),"Documented evidence of application security testing (e.g., DAST, SAST, fuzzing, etc.).","[""TDA-06.2"",""TDA-09"",""TDA-09.1"",""TDA-09.2"",""TDA-09.3"",""TDA-09.4"",""TDA-09.5"",""TDA-09.6""]",2025.1.1,,2025-07-19 21:33:19.80058+00,2025-07-19 21:33:19.80058+00
1f825083-3cc5-4023-a76d-e4ede9529973,E-IAM-03,Identity & Access Management,Privileged User Inventory,"Documented evidence of an inventory of privileged users across systems, applications and services (internal and external).","[""IAC-16"",""IAC-16.1""]",2025.1.1,,2025-07-19 21:33:19.80058+00,2025-07-19 21:33:19.80058+00
1f8f5fe3-5018-4c19-8823-e017d3135d04,E-PRI-02,Privacy,Authorized Use,Documented evidence of authorized use definitions for privacy-related data operations.,"[""PRI-04"",""PRI-04.1"",""PRI-05"",""PRI-05.1""]",2025.1.1,,2025-07-19 21:33:19.80058+00,2025-07-19 21:33:19.80058+00
20c0ae4b-cc7e-468b-8354-32928a6cbb9d,E-AST-08,Asset Management,Asset Inventories - Sensitive / Regulated Data,"Documented evidence of an inventory of the organization's sensitive/regulated data (including systems where sensitive/regulated data is stored, processed and/or transmitted) that contains sufficient information to determine the potential impact in the event of a data loss incident.","[""CLD-10"",""DCH-01.3"",""DCH-06.2"",""BCD-11.2"",""PRI-05.5""]",2025.1.1,,2025-07-19 21:33:19.80058+00,2025-07-19 21:33:19.80058+00
23aca272-14b4-431c-8585-d76c65dfbdea,E-THR-05,Threat Management,Threat Mitigation,Documented evidence of steps taken to mitigate identified threats.,"[""TDA-06.2"",""THR-07"",""VPM-01"",""VPM-04""]",2025.1.1,,2025-07-19 21:33:19.80058+00,2025-07-19 21:33:19.80058+00
23e7ed75-a87d-4192-84c7-809f11490220,E-DCH-04,Data Protection,Network Diagram - Low Level,"Documented evidence of a low-level network diagram that provides a detailed, logical depiction of assets on the network(s).","[""AST-04"",""NET-02""]",2025.1.1,,2025-07-19 21:33:19.80058+00,2025-07-19 21:33:19.80058+00
24cf42b9-cd32-48a8-a8ff-d32796f73209,E-VPM-02,Vulnerability Management,Penetration Testing - Application,"Documented evidence of Application Security Testing (AST) activities:
• Abuse case, malformed, and unexpected inputs (e.g., Robustness or Fuzz testing);
• Attack surface analysis;
• Vulnerability chaining;
• Closed box testing of known vulnerability scanning;
• Software composition analysis of binary executable files; and/or
• Static and dynamic code analysis, including testing for credentials that are “hardcoded,” default, easily guessed, and easily compromised.","[""VPM-07""]",2025.1.1,,2025-07-19 21:33:19.80058+00,2025-07-19 21:33:19.80058+00
251a33dd-2c67-4337-a22a-11b2b2056226,E-PRM-04,Resource Management,Targeted Maturity Level,Documented evidence of a targeted level of control maturity from a Capability Maturity Model (CMM).,"[""PRM-01.2""]",2025.1.1,,2025-07-19 21:33:19.80058+00,2025-07-19 21:33:19.80058+00
25ab5192-8bc9-4d91-b0da-faa464e11b21,E-TDA-13,Technology Design & Acquisition,Software Escrow,Documented evidence of a software escrow solution.,"[""TDA-20.3""]",2025.1.1,,2025-07-19 21:33:19.80058+00,2025-07-19 21:33:19.80058+00
274828ed-530e-4598-a899-1fd66bbda368,E-PRI-08,Privacy,Data Privacy Notice,Documented evidence of a publicly-accessible data privacy notice.,"[""PRI-02""]",2025.1.1,,2025-07-19 21:33:19.80058+00,2025-07-19 21:33:19.80058+00
2898d95b-2992-49b7-a049-e4b8b87ff408,E-AST-26,Asset Management,Roots of Trust Evidence,Documented evidence of product supplier data that can be used as a “roots of trust” basis for integrity verification.,"[""AST-18""]",2025.1.1,,2025-07-19 21:33:19.80058+00,2025-07-19 21:33:19.80058+00
290abd72-a77e-46c0-a66e-2987087ebdcf,E-MON-04,Event Log Monitoring,Rogue Devices,Documented evidence of rogue device identification is included as part of the centralized event log collection and review/analysis process.,"[""AST-02.6""]",2025.1.1,,2025-07-19 21:33:19.80058+00,2025-07-19 21:33:19.80058+00
29b43ce1-a3c6-4496-a3d7-7c8e27b7b55b,E-HRS-16,Human Resources,"Access Agreements ",Documented evidence of personnel management practices protecting sensitive/regulated data through formal access agreements.,"[""HRS-03.1"",""HRS-05"",""HRS-06"",""HRS-10""]",2025.1.1,,2025-07-19 21:33:19.80058+00,2025-07-19 21:33:19.80058+00
2a5a60e4-37c4-4b71-81b5-9c00bd4fc65f,E-GOV-16,Cybersecurity & Data Protection Management,Material Threats,Documented evidence of specific threats that are categorized as material threats.,"[""GOV-16.2""]",2025.1.1,,2025-07-19 21:33:19.80058+00,2025-07-19 21:33:19.80058+00
2afbd70f-4aa2-4766-830a-f26fc5658b9c,E-AST-11,Asset Management,Data Retention Program,Documented evidence of a formal data retention program that governs the retention and destruction of data types.,"[""DCH-18"",""MON-10"",""PRI-05""]",2025.1.1,,2025-07-19 21:33:19.80058+00,2025-07-19 21:33:19.80058+00
2c283344-cf27-4ae8-9e5a-4f3dccf3bcd9,E-MNT-01,Maintenance,Maintenance - Authorized Maintenance Personnel,Documented evidence of personnel who have designated maintenance roles.,"[""MNT-06.1""]",2025.1.1,,2025-07-19 21:33:19.80058+00,2025-07-19 21:33:19.80058+00
2c335316-92a1-4e9e-8563-3fa450fdb5d0,E-RSK-03,Risk Management,Plan of Actions & Milestones (POA&M) / Risk Register,"Documented evidence of a POA&M, or risk register, that tracks control deficiencies from identification through remediation.","[""AST-02.4"",""CPL-02"",""IAO-05"",""RSK-04.1"",""RSK-06"",""RSK-06.1"",""RSK-06.2"",""VPM-02"",""VPM-03""]",2025.1.1,,2025-07-19 21:33:19.80058+00,2025-07-19 21:33:19.80058+00
2c4780f0-53df-47d1-a012-6a8e9850b6e8,E-NET-05,Network Security,Zero Trust Architecture (ZTA),Documented evidence of controls that would enable the organization to claim conformity with Zero Trust (ZT) principles.,"[""NET-01.1""]",2025.1.1,,2025-07-19 21:33:19.80058+00,2025-07-19 21:33:19.80058+00
2c96e391-8fed-46f9-b3d7-ba026d7f9113,E-THR-02,Threat Management,Industry Associations / Memberships,Documented evidence of industry associations the organization utilizes to maintain situational awareness of evolving threats and trends.,"[""GOV-07""]",2025.1.1,,2025-07-19 21:33:19.80058+00,2025-07-19 21:33:19.80058+00
2d72c1f3-c22f-4da8-920a-24a93ff72f8b,E-IRO-09,Incident Response,Formally Assigned Incident Response Roles & Responsibilities,"Documented evidence of the establishment of a formally-assigned, integrated team of cybersecurity, IT and business function representatives that are capable of addressing cybersecurity & data privacy incident response operations.","[""IRO-07"",""IRO-16""]",2025.1.1,,2025-07-19 21:33:19.80058+00,2025-07-19 21:33:19.80058+00
2daeee2b-328a-44ca-acee-ab90fefe3570,E-PRM-02,Resource Management,Portfolio Roadmap,Documented evidence of the organization's roadmap for implementing cybersecurity-related initiatives and technologies.,"[""PRM-01"",""PRM-02"",""PRM-03""]",2025.1.1,,2025-07-19 21:33:19.80058+00,2025-07-19 21:33:19.80058+00
2f6414c0-302a-4eb3-ac6a-3ca23d175c57,E-AST-21,Asset Management,Secure Baseline Configurations - Workstation Class Systems,Documented evidence of secure baseline configurations for all deployed types of workstation-class operating systems.,"[""CFG-02"",""CFG-02.5"",""CFG-03"",""CFG-03.2"",""CFG-05""]",2025.1.1,,2025-07-19 21:33:19.80058+00,2025-07-19 21:33:19.80058+00
2ffd5708-0689-441b-a0fa-ff24f78c4555,E-IAO-02,Information Assurance,"Artificial Intelligence Test, Evaluation, Validation & Verification (AI TEVV)","Documented evidence of Artificial Intelligence Test, Evaluation, Validation & Verification (AI TEVV) practices to enable AI-related testing, identification of incidents and information sharing.","[""AAT-10""]",2025.1.1,,2025-07-19 21:33:19.80058+00,2025-07-19 21:33:19.80058+00
30e6e0dc-cdd1-4ef6-985f-6318aab55e23,E-PRI-06,Privacy,Data Subject Access,Documented evidence of how data subject access requests are handled that includes intake through remediation.,"[""PRI-06""]",2025.1.1,,2025-07-19 21:33:19.80058+00,2025-07-19 21:33:19.80058+00
31a8d755-eed5-413b-ad1d-2b3715f1a9a3,E-CRY-02,Cryptographic Protections,Cryptographic Key Management,Documented evidence of cryptographic key management practices.,"[""CRY-09""]",2025.1.1,,2025-07-19 21:33:19.80058+00,2025-07-19 21:33:19.80058+00
337b0124-1457-4783-91f6-f8292c437507,E-GOV-08,Cybersecurity & Data Protection Management,Cybersecurity & Data Protection Policies,Documented evidence of an appropriately-scoped cybersecurity & data protection policies. Policies are high-level statements of management intent from an organization's executive leadership that are designed to influence decisions and guide the organization to achieve the desired outcomes. Policies are enforced by standards and further implemented by procedures to establish actionable and accountable requirements.,"[""GOV-02"",""PRI-01""]",2025.1.1,,2025-07-19 21:33:19.80058+00,2025-07-19 21:33:19.80058+00
338e9389-6e00-46c6-b9e1-0ad1144d6b8a,E-BCM-03,Business Continuity,Recovery Point Objectives (RPOs),Documented evidence of Recovery Point Objectives (RPOs) that guide Continuity of Operations Plan (COOP)-related operations.,"[""BCD-01.4""]",2025.1.1,,2025-07-19 21:33:19.80058+00,2025-07-19 21:33:19.80058+00
370275e5-4011-4991-9ebb-c1ef84e78868,E-BCM-15,Business Continuity,Restoration Events,"Documented evidence of system, application and/or data recovery events. This can include random testing of data backups to ensure recovery methods are viable.","[""BCD-11.5"",""BCD-12""]",2025.1.1,,2025-07-19 21:33:19.80058+00,2025-07-19 21:33:19.80058+00
37922d7a-8141-42f5-a359-eca3ae07c93c,E-CPL-05,Compliance,Internal Audit (IA) Findings,Documented evidence of a centrally-managed and prioritized repository Internal Audit (IA) findings.,"[""CPL-01.1"",""CPL-03"",""GOV-01.2""]",2025.1.1,,2025-07-19 21:33:19.80058+00,2025-07-19 21:33:19.80058+00
37ddc742-7bd0-4ee1-bf61-6cd4cdad400d,E-IAO-03,Information Assurance,Pre-Production Controls Testing,"Documented evidence of pre-production  cybersecurity & data protection controls testing to determine the extent to which the controls are implemented correctly, operating as intended and producing the desired outcome with respect to meeting expected requirements.","[""IAO-02"",""IAO-02.4"",""IAO-03.2""]",2025.1.1,,2025-07-19 21:33:19.80058+00,2025-07-19 21:33:19.80058+00
3858c31b-564b-4edd-9251-9024c37469f9,E-TDA-07,Technology Design & Acquisition,"Ports, Protocols & Services (PPS)","Documented evidence of all ports, protocols and services in use by the system, application or service.","[""TDA-01.1"",""TDA-02.1"",""TDA-02.5"",""TPM-04.2""]",2025.1.1,,2025-07-19 21:33:19.80058+00,2025-07-19 21:33:19.80058+00
390c019e-612b-4ebe-bc16-30b78c588322,E-GOV-15,Cybersecurity & Data Protection Management,Material Risks,Documented evidence of specific risks that are categorized as material risks.,"[""GOV-16.1""]",2025.1.1,,2025-07-19 21:33:19.80058+00,2025-07-19 21:33:19.80058+00
39184538-f9d5-4bfd-80ec-4f61922edbef,E-AST-06,Asset Management,Asset Inventories - Cloud Service Provider (CSP),"Documented evidence of an inventory of the organization's cloud-based services (e.g., SaaS, IaaS, PaaS, etc.). ","[""CLD-01"",""CLD-09"",""TPM-01.1""]",2025.1.1,,2025-07-19 21:33:19.80058+00,2025-07-19 21:33:19.80058+00
39e6f5a4-7d9c-48c5-9469-a6cfb5508b9d,E-RSK-06,Risk Management,Risk Threshold,Documented evidence the organization has a defined risk threshold.,"[""RSK-01.1"",""RSK-01.3""]",2025.1.1,,2025-07-19 21:33:19.80058+00,2025-07-19 21:33:19.80058+00
3bdbf112-994a-4b89-84df-c887533acb20,E-TDA-11,Technology Design & Acquisition,Software Assurance Maturity Model (SAMM),Documented evidence of a Software Assurance Maturity Model (SAMM).,"[""TDA-06"",""TDA-06.3""]",2025.1.1,,2025-07-19 21:33:19.80058+00,2025-07-19 21:33:19.80058+00
3ca861d9-d901-42c2-9f44-f4c4f2a0ca6c,E-BCM-13,Business Continuity,Backups - Recovery,"Documented evidence of a Continuity of Operations Plan (COOP)-related criticality analysis for applications, systems, services, facilities, stakeholders and third-parties.","[""BCD-11"",""BCD-11.1""]",2025.1.1,,2025-07-19 21:33:19.80058+00,2025-07-19 21:33:19.80058+00
3dc8d8cb-0b4e-4d6c-9f50-f40db7d30365,E-SAT-01,Education,Continuing Professional Education (CPE),Documented evidence of Continuing Professional Education (CPE) requirements for cybersecurity & data privacy personnel.,"[""SAT-03.7""]",2025.1.1,,2025-07-19 21:33:19.80058+00,2025-07-19 21:33:19.80058+00
3e149b02-0065-4c3e-a416-5f479f326412,E-CPL-01,Compliance,"Statutory, Regulatory & Contractual Obligations","Documented evidence of applicable statutory, regulatory and/or contractual obligations for cybersecurity & data privacy controls.","[""CPL-01"",""MON-03""]",2025.1.1,,2025-07-19 21:33:19.80058+00,2025-07-19 21:33:19.80058+00
3e25a240-1e1d-4397-9a1d-98d2f8a53244,E-HRS-20,Human Resources,Non-Disclosure Agreements (NDAs),Documented evidence of the use of Non-Disclosure Agreements (NDAs) that restricts unauthorized sharing of sensitive/regulated data.,"[""HRS-06.1""]",2025.1.1,,2025-07-19 21:33:19.80058+00,2025-07-19 21:33:19.80058+00
3ef9564b-189a-40e4-a0a9-bc66cfd991ef,E-SAT-03,Education,Practical Exercises,"Documented evidence of practical user training exercises for cybersecurity and/or data privacy topics (e.g., phishing exercise).","[""SAT-02.1"",""SAT-03.1"",""SAT-04""]",2025.1.1,,2025-07-19 21:33:19.80058+00,2025-07-19 21:33:19.80058+00
41cc765a-d7c7-48d8-9b35-ba08285de8e3,E-HRS-27,Human Resources,Personnel Sanctions,Documented evidence of personnel management practices to formally sanction unacceptable behavior(s).,"[""HRS-01"",""HRS-07"",""OPS-01""]",2025.1.1,,2025-07-19 21:33:19.80058+00,2025-07-19 21:33:19.80058+00
41f7c50d-a582-4430-8b6b-7384fe7deb9e,E-SAT-02,Education,Initial User Training,Documented evidence of initial user training for cybersecurity and/ord ata privacy topics.,"[""SAT-01"",""SAT-02"",""SAT-02.2"",""SAT-04"",""HRS-05.7""]",2025.1.1,,2025-07-19 21:33:19.80058+00,2025-07-19 21:33:19.80058+00
423837a1-3c55-4da8-90e4-d995806c8a2f,E-IRO-01,Incident Response,Incident Response Program (IRP),"Documented evidence of a Incident Response Plan (IRP). This is program-level documentation in the form of a runbook, playbook or a similar format provides guidance on organizational practices that support existing policies and standards.","[""IRO-01"",""IRO-02.4"",""IRO-02.5"",""IRO-04"",""IRO-06.1"",""IRO-07"",""IRO-08"",""IRO-10"",""IRO-10.2""]",2025.1.1,,2025-07-19 21:33:19.80058+00,2025-07-19 21:33:19.80058+00
439ec275-143f-4c3b-bb17-89ad7752f527,E-SAT-05,Education,Role-Based Training,"Documented evidence of specialized user training for privileged users, executives, individuals who handle sensitive/regulated data, etc.","[""DCH-14"",""SAT-01"",""SAT-03"",""SAT-03.4"",""SAT-03.5"",""SAT-04"",""THR-05""]",2025.1.1,,2025-07-19 21:33:19.80058+00,2025-07-19 21:33:19.80058+00
44b33f71-a7ed-4a45-ba4c-8aa5877e5597,E-AST-27,Asset Management,Endpoint Security Tools,"Documented evidence of endpoint security tools employed by the organization to ensure secure and compliant systems, applications and processes (e.g., antimalware, FIM, etc.).","[""END-01"",""END-04"",""END-06""]",2025.1.1,,2025-07-19 21:33:19.80058+00,2025-07-19 21:33:19.80058+00
46bb87c8-f473-4382-9293-0b2d8ca83855,E-HRS-15,Human Resources,Organization Chart,Current and accurate organization chart that depicts logical staff hierarchies.,"[""GOV-04"",""GOV-04.1"",""GOV-04.2"",""HRS-01"",""OPS-01""]",2025.1.1,,2025-07-19 21:33:19.80058+00,2025-07-19 21:33:19.80058+00
46e672c1-a03a-4e8f-9d6a-db1553062be4,E-CPL-03,Compliance,Controls Responsibility Matrix (CRM),"Documented evidence of a Controls Responsibility Matrix (CRM), or similar documentation, that identifies the stakeholder involved in executing assigned controls (e.g., Responsible, Accountable, Supportive, Consulted & Informed (RASCI) matrix).","[""AST-01.2"",""AST-03"",""CLD-06.1"",""TPM-05.4""]",2025.1.1,,2025-07-19 21:33:19.80058+00,2025-07-19 21:33:19.80058+00
4820d240-f809-42e5-8ab1-51a3ca7c21fa,E-TDA-10,Technology Design & Acquisition,Security Use Case View (SUCV),"Documented evidence of diagrams, with explanatory text, describing various security scenarios in each of the operational and clinical functionality states of the system and how the system addresses each scenario architecturally. [note SUCV is specific to medical device manufacturers]","[""TDA-04"",""TDA-04.1"",""TDA-06.2""]",2025.1.1,,2025-07-19 21:33:19.80058+00,2025-07-19 21:33:19.80058+00
498c2081-e057-4741-94dd-461d48c3c990,E-PRI-01,Privacy,Accounting of Disclosures,Documented evidence of accounting for privacy-related disclosures.,"[""PRI-14.1""]",2025.1.1,,2025-07-19 21:33:19.80058+00,2025-07-19 21:33:19.80058+00
4a03ad32-bdec-44ad-8582-04a054bce17f,E-IRO-03,Incident Response,Incident Tracking,Documented evidence of a centralized repository to track cybersecurity & data privacy incidents.,"[""IRO-02"",""IRO-09""]",2025.1.1,,2025-07-19 21:33:19.80058+00,2025-07-19 21:33:19.80058+00
4b5f4dd9-1046-44cc-a453-103224af31f0,E-THR-04,Threat Management,Threat Intelligence Program (TIP),Documented evidence of a formal capability that intakes and analysis threat information to determine specific threat to the organization and necessary actions to mitigate the threat(s).,"[""THR-01"",""THR-04"",""THR-05""]",2025.1.1,,2025-07-19 21:33:19.80058+00,2025-07-19 21:33:19.80058+00
4dbf33aa-cd85-4bbb-9a1c-6a5a54f7b342,E-AST-07,Asset Management,Cyber-Physical Systems (CPS),Documented evidence of an inventory of the organization's physical assets that process functions based on software and networks.,"[""AST-02"",""EMB-01""]",2025.1.1,,2025-07-19 21:33:19.80058+00,2025-07-19 21:33:19.80058+00
501a0425-51cc-4b8a-966d-55c5fd6a8c11,E-HRS-13,Human Resources,Defined Cybersecurity & Data Privacy Responsibilities,Documented evidence of a role-based cybersecurity & data privacy responsibilities to ensure personnel are both educated on the role and are responsible for the associated control execution.,"[""CHG-04"",""GOV-04"",""HRS-03"",""HRS-03.1"",""OPS-01""]",2025.1.1,,2025-07-19 21:33:19.80058+00,2025-07-19 21:33:19.80058+00
507cc114-3afc-4176-9dce-e11d1eb5a335,E-MNT-02,Maintenance,Maintenance Plan,"Documented evidence of a Maintenance Plan. This is program-level documentation in the form of a runbook, playbook or a similar format provides guidance on organizational practices that support existing policies and standards.","[""MNT-01""]",2025.1.1,,2025-07-19 21:33:19.80058+00,2025-07-19 21:33:19.80058+00
52386c94-bf23-4ec2-acb1-9148a11ad40c,E-NET-01,Network Security,Content / DNS Filtering,Documented evidence of the methods that content / DNS filtering is implemented to prevent Internet traffic from prohibited content and/or hostile web sites.,"[""NET-18"",""NET-18.1""]",2025.1.1,,2025-07-19 21:33:19.80058+00,2025-07-19 21:33:19.80058+00
53871b28-6293-4e54-947a-bd719d946168,E-HRS-02,Human Resources,Assigned Roles - Application Developers,List of employed or contract personnel assigned to application development roles.,"[""HRS-02"",""HRS-02.1"",""HRS-03"",""OPS-01""]",2025.1.1,,2025-07-19 21:33:19.80058+00,2025-07-19 21:33:19.80058+00
55e95486-802b-4a23-9581-b924bf9898cc,E-CPL-08,Compliance,Functional Review of Cybersecurity Controls,Documented evidence of control testing to ensure cybersecurity controls function as expected.,"[""CPL-03.2""]",2025.1.1,,2025-07-19 21:33:19.80058+00,2025-07-19 21:33:19.80058+00
569b06c8-1984-4766-96c2-2906e553b061,E-AAT-02,Artificial Intelligence (AI) & Autonomous Technologies Governance,Compliance Obligations for Artificial Intelligence and Autonomous Technologies (AAT).,"Documented evidence of applicable statutory, regulatory and contractual cybersecurity & data privacy obligations for Artificial Intelligence and Autonomous Technologies (AAT).","[""AAT-01.1""]",2025.1.1,,2025-07-19 21:33:19.80058+00,2025-07-19 21:33:19.80058+00
56c8ef3f-3593-4424-bf5c-3704f73dddb2,E-CAP-04,Capacity Management,Dynamic Expansion Capabilities,"Documented evidence of dynamic expansion capabilities (e.g., elastic expansion) to meet capacity and/or performance requirements for critical systems, applications and/or services.","[""CAP-05""]",2025.1.1,,2025-07-19 21:33:19.80058+00,2025-07-19 21:33:19.80058+00
56d34e18-f9c5-4338-9e49-af3cf1f262ec,E-MON-05,Event Log Monitoring,Centralized Event Log Collection,Documented evidence of security-relevant activities being logged and included as part of the centralized event log collection and review/analysis process.,"[""MON-01.2"",""MON-01.8"",""MON-02"",""MON-02.2"",""MON-02.1""]",2025.1.1,,2025-07-19 21:33:19.80058+00,2025-07-19 21:33:19.80058+00
56f188d6-0fba-477a-bb19-e397372f3cf2,E-AST-12,Asset Management,Secure Baseline Configurations Reviews,Documented evidence of a review process to ensure Secure Baseline Configurations (SBC) are current and applicable.,"[""CFG-02"",""CFG-02.1"",""CFG-02.5"",""CFG-03"",""NET-04"",""NET-04.1"",""NET-04.6""]",2025.1.1,,2025-07-19 21:33:19.80058+00,2025-07-19 21:33:19.80058+00
573c1eec-6c59-428e-a030-3a9749a42107,E-BCM-14,Business Continuity,Recovery Operations Criteria,Documented evidence of specific criteria to activate Business Continuity / Disaster Recovery (BC/DR) plans.,"[""BCD-01.5""]",2025.1.1,,2025-07-19 21:33:19.80058+00,2025-07-19 21:33:19.80058+00
5a36d847-1f2a-4b48-b0ed-5906ba6639f5,E-AST-24,Asset Management,Asset Categorization,"Documented evidence of a methodology to categorize technology assets (e.g., criticality and data classification considerations)","[""AST-31"",""AST-31.1""]",2025.1.1,,2025-07-19 21:33:19.80058+00,2025-07-19 21:33:19.80058+00
5a9124d9-81f3-48eb-b6bb-f382d75e5a54,E-DCH-08,Data Protection,Authorization Documentation,Documented evidence of that identifies authorized users and processes acting on behalf of authorized users.,"[""CFG-08"",""DCH-01.4""]",2025.1.1,,2025-07-19 21:33:19.80058+00,2025-07-19 21:33:19.80058+00
5b1785c2-493a-44ab-bf12-15ec8f1b8085,E-BCM-09,Business Continuity,COOP Dependency Analysis,"Documented evidence of a Continuity of Operations Plan (COOP)-related dependency analysis for applications, systems, services, facilities, stakeholders and third-parties.","[""AST-01.1"",""RSK-02"",""RSK-02.1""]",2025.1.1,,2025-07-19 21:33:19.80058+00,2025-07-19 21:33:19.80058+00
5dcf05d8-07ee-4156-8fac-f25282cc9e65,E-PRI-07,Privacy,Personal Data Categories,Documented evidence of formal personal data categories.,"[""PRI-05.7""]",2025.1.1,,2025-07-19 21:33:19.80058+00,2025-07-19 21:33:19.80058+00
5e1bf927-d3db-45a5-ac1b-532e16568de8,E-AST-23,Asset Management,Geolocation Inventory,"Documented evidence of designated internal and third-party facilities where organizational data is stored, transmitted and/or processed.","[""BCD-02.4"",""CLD-09"",""DCH-19"",""DCH-24""]",2025.1.1,,2025-07-19 21:33:19.80058+00,2025-07-19 21:33:19.80058+00
5e272d0e-0d65-4d96-a0c6-8a423c04414d,E-TDA-08,Technology Design & Acquisition,Secure Engineering Principles (SEP),"Documented evidence of defined secure engineering principles used to ensure Sensitivity, Integrity, Availability & Safety (CIAS) concerns are properly addressed in the design and implementation of systems, applications and services.","[""SEA-01"",""TDA-01"",""TDA-06"",""TDA-14"",""TDA-14.1"",""TDA-14.2""]",2025.1.1,,2025-07-19 21:33:19.80058+00,2025-07-19 21:33:19.80058+00
617bd9ff-8e5c-4618-9bc2-4dd7bb4eeb68,E-AST-03,Asset Management,Asset Disposal Evidence,"Documented evidence of asset disposal/destruction (e.g., asset tracking by serial # for shredding, degaussing, etc.).","[""AST-09"",""DCH-08"",""DCH-09"",""DCH-09.1""]",2025.1.1,,2025-07-19 21:33:19.80058+00,2025-07-19 21:33:19.80058+00
6380d540-f776-4266-93ba-0bdb6a8b0427,E-AST-20,Asset Management,Secure Baseline Configurations - Server Class Systems,Documented evidence of secure baseline configurations for all deployed types of server-class operating systems.,"[""CFG-02"",""CFG-02.5"",""CFG-03"",""CFG-03.2""]",2025.1.1,,2025-07-19 21:33:19.80058+00,2025-07-19 21:33:19.80058+00
63919e81-5f94-4d8c-a547-4055334a7523,E-AST-15,Asset Management,Secure Baseline Configurations - Embedded Technologies,Documented evidence of secure baseline configurations for all deployed types of embedded technologies.,"[""CFG-02"",""CFG-03"",""CFG-02.5""]",2025.1.1,,2025-07-19 21:33:19.80058+00,2025-07-19 21:33:19.80058+00
64ff3d79-b044-4c1b-baa7-7c9c313fa5b6,E-SAT-04,Education,Recurring User Training,"Documented evidence of recurring (e.g., annual) user training for cybersecurity and/or data privacy topics.","[""SAT-01"",""SAT-03.4"",""SAT-03.6"",""SAT-03.7"",""SAT-04"",""HRS-05.7"",""THR-05""]",2025.1.1,,2025-07-19 21:33:19.80058+00,2025-07-19 21:33:19.80058+00
652905cc-b842-4ed1-b7f4-16c26fb637e6,E-GOV-07,Cybersecurity & Data Protection Management,Charter - Data Management Board (DMB),Documented evidence of the organization's Data Management Board (DMB) charter and mission.,"[""GOV-01.2""]",2025.1.1,,2025-07-19 21:33:19.80058+00,2025-07-19 21:33:19.80058+00
684d7502-d25e-4d0c-9a9e-7afee414aa52,E-RSK-01,Risk Management,Risk Management Program (RMP),"Documented evidence of a Risk Management Program (RMP). This is program-level documentation in the form of a runbook, playbook or a similar format provides guidance on organizational practices that support existing policies and standards.","[""RSK-01"",""RSK-01.1"",""RSK-02"",""RSK-12""]",2025.1.1,,2025-07-19 21:33:19.80058+00,2025-07-19 21:33:19.80058+00
68a2a80f-14a2-4303-af14-ffbfe5931e81,E-RSK-07,Risk Management,Risk Tolerance,Documented evidence the organization has a defined risk tolerance.,"[""RSK-01.1"",""RSK-01.4""]",2025.1.1,,2025-07-19 21:33:19.80058+00,2025-07-19 21:33:19.80058+00
69442c7f-e856-4166-968d-df180e6b501f,E-HRS-03,Human Resources,Assigned Roles - Cybersecurity Staff,List of employed or contract personnel assigned to cybersecurity roles.,"[""HRS-02"",""HRS-02.1"",""HRS-03"",""OPS-01""]",2025.1.1,,2025-07-19 21:33:19.80058+00,2025-07-19 21:33:19.80058+00
6fdb0c1e-d15a-458c-8ede-c13a97b70ae4,E-THR-08,Threat Management,Behavioral Baselining,Documented evidence of behavioral baselining to determine normal vs abnormal activities.,"[""THR-11""]",2025.1.1,,2025-07-19 21:33:19.80058+00,2025-07-19 21:33:19.80058+00
7038de80-c1b3-4b5a-9092-d08f88c10ff9,E-MON-07,Event Log Monitoring,Situational Awareness,"Documented evidence of the organization leveraging knowledge of event log generation to gain situational awareness of cross-domain activities (e.g., technology issues, security events, policy violations, service provider activities, remote workforce activities, physical security events, etc.).","[""MON-01"",""MON-01.1"",""MON-01.3"",""MON-01.4"",""MON-02.1"",""MON-11.3"",""MON-16"",""MON-16.1"",""MON-16.2"",""MON-16.3""]",2025.1.1,,2025-07-19 21:33:19.80058+00,2025-07-19 21:33:19.80058+00
7051ad94-6a9e-45d0-967a-6ac42327598f,E-AAT-04,Artificial Intelligence (AI) & Autonomous Technologies Governance,Business Case for Artificial Intelligence and Autonomous Technologies (AAT),Documented evidence of a business case for Artificial Intelligence and Autonomous Technologies (AAT).,"[""AAT-04""]",2025.1.1,,2025-07-19 21:33:19.80058+00,2025-07-19 21:33:19.80058+00
7133b412-c7cd-4662-8483-0496b89c0bc0,E-CPL-09,Compliance,Non-Compliance Oversight Reporting,Documented evidence of governance oversight reporting of non-compliance to the organization's executive leadership.,"[""CPL-02"",""GOV-01.2""]",2025.1.1,,2025-07-19 21:33:19.80058+00,2025-07-19 21:33:19.80058+00
726c77e3-459a-4e9c-a32a-358cb3c09d86,E-HRS-25,Human Resources,Separation of Duties (SoD),Documented evidence of personnel management practices to implement and maintain Separation of Duties (SoD) to prevent potential inappropriate activity without collusion.,"[""HRS-11"",""HRS-12""]",2025.1.1,,2025-07-19 21:33:19.80058+00,2025-07-19 21:33:19.80058+00
72f104d6-1f49-4b06-aa1e-d6a0c74b0e84,E-PES-05,"Physical Security ",Physical Security Operations,Documented evidence of the organization's physical security capabilities as it pertains to operating and monitoring Physical Access Control (PAC)mechanisms.,"[""PES-01"",""PES-02"",""PES-02.1"",""PES-03"",""PES-05""]",2025.1.1,,2025-07-19 21:33:19.80058+00,2025-07-19 21:33:19.80058+00
734184ea-dd50-4eb1-acae-c819179bc95a,E-HRS-04,Human Resources,Assigned Roles - Data Privacy Staff,List of employed or contract personnel assigned to data privacy roles.,"[""HRS-02"",""HRS-02.1"",""HRS-03"",""OPS-01""]",2025.1.1,,2025-07-19 21:33:19.80058+00,2025-07-19 21:33:19.80058+00
73b79a82-26c4-422e-a89a-38c04250a57a,E-MON-08,Event Log Monitoring,Integrity Monitoring,"Documented evidence of integrity monitoring, where files and/or configurations on critical systems, applications and/or services are actively monitored for changes that could indicate unauthorized changes.","[""MON-01.7""]",2025.1.1,,2025-07-19 21:33:19.80058+00,2025-07-19 21:33:19.80058+00
73d0ddbe-d5d2-45bb-8f1e-0a31846a0fa0,E-GOV-14,Cybersecurity & Data Protection Management,Materiality Threshold Definition,Documented evidence of criteria to define the organization's materiality threshold.,"[""GOV-16""]",2025.1.1,,2025-07-19 21:33:19.80058+00,2025-07-19 21:33:19.80058+00
744213e2-1ffa-49f4-a529-626eb0d56d49,E-TDA-12,Technology Design & Acquisition,Software Bill of Materials (SBOM),Documented evidence of a Software Bill of Materials (SBOM).,"[""TDA-04.2""]",2025.1.1,,2025-07-19 21:33:19.80058+00,2025-07-19 21:33:19.80058+00
7522fa72-256b-4c0b-92e4-c6e78f6aecd6,E-HRS-23,Human Resources,Critical Cybersecurity & Data Privacy Skills,Documented evidence of personnel management practices to formally identify critical cybersecurity skills needed to support business operations.,"[""HRS-03.2"",""HRS-13""]",2025.1.1,,2025-07-19 21:33:19.80058+00,2025-07-19 21:33:19.80058+00
752fdce9-eb89-43d3-baa0-49ad1350efde,E-THR-07,Threat Management,Threat Analysis,Documented evidence of a completed threat analysis.,"[""THR-10""]",2025.1.1,,2025-07-19 21:33:19.80058+00,2025-07-19 21:33:19.80058+00
755e8689-5bff-484a-827a-5055f98e9d69,E-DCH-05,Data Protection,Data Flow Diagram (DFD),"Documented evidence of a Data Flow Diagram (DFD) that accurately identifies where sensitive/regulated data is stored, transmitted and/or processed.","[""AST-02.8"",""AST-04"",""NET-02""]",2025.1.1,,2025-07-19 21:33:19.80058+00,2025-07-19 21:33:19.80058+00
764156dc-97c7-4a49-8f20-6b3da5bf8638,E-PRM-01,Resource Management,Cybersecurity Business Plan (CBP),Documented evidence of a cybersecurity-specific business plan that documents a strategic plan and discrete objectives.,"[""GOV-08"",""PRM-01.1"",""PRM-03""]",2025.1.1,,2025-07-19 21:33:19.80058+00,2025-07-19 21:33:19.80058+00
765521ed-1e94-4ca8-b139-a2246d2e721f,E-GOV-17,Cybersecurity & Data Protection Management,Cybersecurity & Data Privacy Status Reports,Documented evidence of status reports of the organization's cybersecurity and/or data privacy program that were submitted to applicable statutory and/or regulatory authorities.,"[""GOV-17""]",2025.1.1,,2025-07-19 21:33:19.80058+00,2025-07-19 21:33:19.80058+00
765f7a7d-f4b3-4e61-acf5-c0c47790cd9c,E-MNT-04,Maintenance,Infrastructure Maintenance,Documented evidence of maintenance activities for the organization's infrastructure and supporting systems.,"[""MNT-01"",""MNT-02"",""MNT-03"",""MNT-03.1""]",2025.1.1,,2025-07-19 21:33:19.80058+00,2025-07-19 21:33:19.80058+00
77dd0c47-d350-4934-9d59-958209a18a1d,E-TDA-05,Technology Design & Acquisition,Failure Mode and Effect Analysis (FMEA),"Documented evidence of an engineering method designed to define, identify, and present solutions for system failures, problems, or errors.","[""TDA-01.1"",""TDA-06.5"",""TDA-09""]",2025.1.1,,2025-07-19 21:33:19.80058+00,2025-07-19 21:33:19.80058+00
77eb7dc5-bbeb-4c80-9a62-b84c5c91740b,E-DCH-09,Data Protection,Assigned Responsibilities,Documented evidence of data stewardship being assigned and communicated to individuals entrusted with sensitive and/or regulated data.,"[""CRY-01"",""DCH-01.1"",""DCH-14""]",2025.1.1,,2025-07-19 21:33:19.80058+00,2025-07-19 21:33:19.80058+00
79206d49-8e73-463e-ab74-1265e2bb1884,E-TDA-16,Technology Design & Acquisition,Vulnerability Disclosure Program (VDP),"Documented evidence of a Vulnerability Disclosure Program (VDP) (e.g., bug bounty).","[""THR-06""]",2025.1.1,,2025-07-19 21:33:19.80058+00,2025-07-19 21:33:19.80058+00
79320cba-6831-4cd4-a2f5-5342ee99f944,E-HRS-24,Human Resources,Critical Cybersecurity & Data Privacy Skill Gaps,Documented evidence of personnel management practices to formally identify critical cybersecurity & data privacy skill gaps.,"[""HRS-13"",""HRS-13.1""]",2025.1.1,,2025-07-19 21:33:19.80058+00,2025-07-19 21:33:19.80058+00
7b93460c-0326-4079-b35f-df5040dd5bd3,E-AST-01,Asset Management,IT Asset Management (ITAM),"Documented evidence of an IT Asset Management (ITAM) program that addresses the due diligence and due care activities associated with maintaining both secure and compliant systems, applications and services.","[""AST-01"",""AST-03"",""AST-03.1"",""AST-10"",""CFG-05"",""END-01"",""IAC-01"",""IAC-02.2"",""MON-03"",""MON-16.4""]",2025.1.1,,2025-07-19 21:33:19.80058+00,2025-07-19 21:33:19.80058+00
7c0e7c66-7315-408e-a22e-c3c8fe9e4f99,E-AST-25,Asset Management,Logical Tamper Detection Tool,"Documented evidence of software that is implemented and configured to detect logical tampering (e.g., configurations).","[""AST-15""]",2025.1.1,,2025-07-19 21:33:19.80058+00,2025-07-19 21:33:19.80058+00
7e97cbcd-0921-49cf-ab36-79f55dfc4f4f,E-CPL-06,Compliance,Manufacturer Disclosure Statement for Medical Device Security (MDS2),Documented Manufacturer Disclosure Statement for Medical Device Security (MDS2) that communicates information about medical device cybersecurity & data privacy characteristics to current device owners and potential buyers. [note MDS2 is specific to medical device manufacturers],"[""TDA-01.1"",""TDA-02.1"",""TDA-02.5"",""TDA-04"",""TDA-04.1"",""TPM-04"",""TPM-04.2""]",2025.1.1,,2025-07-19 21:33:19.80058+00,2025-07-19 21:33:19.80058+00
7efaf3e9-2cfd-472b-baeb-6a303fad6997,E-PES-01,Physical Security,Environmental Monitoring,"Documented evidence of environmental monitoring (e.g., water leaks, temperature, humidity, etc.)","[""PES-01"",""PES-07"",""PES-07.5"",""PES-08"",""PES-09""]",2025.1.1,,2025-07-19 21:33:19.80058+00,2025-07-19 21:33:19.80058+00
7f824826-4ed1-408d-9cfb-718b1c143df9,E-AAT-07,Artificial Intelligence (AI) & Autonomous Technologies Governance,"Artificial Intelligence Test, Evaluation, Validation & Verification (AI TEVV) Practices","Documented evidence of Artificial Intelligence Test, Evaluation, Validation & Verification (AI TEVV) practices.","[""AAT-10""]",2025.1.1,,2025-07-19 21:33:19.80058+00,2025-07-19 21:33:19.80058+00
810d419e-7590-4342-9586-599ea6259286,E-TPM-02,Third-Party Management,Third-Party Criticality Assessment,Documented evidence of third-party criticality assessment that evaluates the critical nature of each third-party the organization works with.,"[""RSK-02"",""RSK-02.1"",""TDA-06.1"",""TPM-02"",""TPM-03.2"",""TPM-03.3"",""TPM-04.1""]",2025.1.1,,2025-07-19 21:33:19.80058+00,2025-07-19 21:33:19.80058+00
827eed19-db1d-4c5a-ba5b-0c4f5fe93743,E-TDA-04,Technology Design & Acquisition,Design and Development Plan (DDP),Documented evidence of an engineering method to control the design process and govern the lifecycle of the product/service.,"[""SEA-01"",""SEA-02"",""SEA-03"",""TDA-02.3"",""TDA-05"",""TDA-06.3"",""TDA-14"",""TDA-14.1"",""TDA-14.2""]",2025.1.1,,2025-07-19 21:33:19.80058+00,2025-07-19 21:33:19.80058+00
84a90159-9b08-4f79-9af3-656c3b6efbcd,E-AST-19,Asset Management,Secure Baseline Configurations - Network Devices,Documented evidence of secure baseline configurations for all deployed types of network devices.,"[""CFG-02"",""CFG-02.5"",""CFG-03"",""NET-04"",""NET-04.1""]",2025.1.1,,2025-07-19 21:33:19.80058+00,2025-07-19 21:33:19.80058+00
85c7ed2a-0207-48ac-ac4f-fce20b2117e2,E-NET-02,Network Security,Wireless Rogue Detection,Documented evidence of automated or manual means to detect rogue wireless devices.,"[""NET-15.5""]",2025.1.1,,2025-07-19 21:33:19.80058+00,2025-07-19 21:33:19.80058+00
885adcfc-3b7f-4368-a4c4-d6153b311f3e,E-AST-22,Asset Management,Provenance,"Documented evidence of that tracks the origin, development, ownership, location and changes to systems, system components and associated data.","[""AST-03.2""]",2025.1.1,,2025-07-19 21:33:19.80058+00,2025-07-19 21:33:19.80058+00
8881fbb8-1fff-4f60-b29d-adcdbd2dd655,E-IAM-05,Identity & Access Management,Identity & Access Management (IAM) Function,"Documented evidence of an Identity & Access Management (IAM), or similar function, that facilitates the implementation of identification and access management controls.","[""IAC-01"",""IAC-02"",""IAC-02.2"",""IAC-03"",""IAC-03.5"",""IAC-04"",""IAC-05"",""IAC-21"",""IAC-28""]",2025.1.1,,2025-07-19 21:33:19.80058+00,2025-07-19 21:33:19.80058+00
89dba589-9b49-4370-801d-ac8abb7507c4,E-CPL-07,Compliance,Control Assessments,Documented evidence of internal or third-party control assessments to provide governance oversight of cybersecurity & data privacy controls.,"[""CPL-02"",""CPL-02.1"",""CPL-03"",""CPL-03.1""]",2025.1.1,,2025-07-19 21:33:19.80058+00,2025-07-19 21:33:19.80058+00
8a9384dc-6cc2-40ef-b13a-de085d2719ad,E-HRS-07,Human Resources,Role Assignment - CIO,Documented evidence of a formal role assignment to the Chief Information Officer (CIO) position.,"[""GOV-04""]",2025.1.1,,2025-07-19 21:33:19.80058+00,2025-07-19 21:33:19.80058+00
8ae1b655-6ad9-428b-a106-145bea006bd5,E-IAM-01,Identity & Access Management,Access Permission Review,Documented evidence of periodic access permission reviews.,"[""IAC-17""]",2025.1.1,,2025-07-19 21:33:19.80058+00,2025-07-19 21:33:19.80058+00
8c084b30-2381-47a2-8250-5be89db8fc19,E-AAT-09,Artificial Intelligence (AI) & Autonomous Technologies Governance,Intellectual Property (IP) Infringement Assessment of Artificial Intelligence and Autonomous Technologies (AAT),Documented evidence of a legal opinion on the potential for Intellectual Property (IP) infringement by the organization's Artificial Intelligence (AI) and Autonomous Technologies (AAT) initiatives.,"[""AAT-12""]",2025.1.1,,2025-07-19 21:33:19.80058+00,2025-07-19 21:33:19.80058+00
8d4c2de9-eb2f-40c8-b82d-95f3703bfbb2,E-RSK-05,Risk Management,Supply Chain Risk Assessment (SCRA),Documented evidence of supply chain-specific risk assessment that evaluates risks that are specific to its supply chain.,"[""RSK-09.1""]",2025.1.1,,2025-07-19 21:33:19.80058+00,2025-07-19 21:33:19.80058+00
8de834c3-c40a-452d-a710-10bbfe2577a8,E-BCM-11,Business Continuity,Backups - Local,Documented evidence of event logs for the on-site / local data backup solution.,"[""BCD-11"",""BCD-11.2""]",2025.1.1,,2025-07-19 21:33:19.80058+00,2025-07-19 21:33:19.80058+00
8ea65c4d-cd1f-4d93-8be1-e951fb1b4237,E-GOV-09,Cybersecurity & Data Protection Management,Cybersecurity & Data Protection Standards,"Documented evidence of an appropriately-scoped cybersecurity & data protection standards. Standards are mandatory requirements regarding processes, actions and configurations. Standards are intended to be granular and prescriptive to ensure systems, applications and processes are designed and operated to include appropriate cybersecurity & data protection protections","[""GOV-02""]",2025.1.1,,2025-07-19 21:33:19.80058+00,2025-07-19 21:33:19.80058+00
8f6d7269-d80d-4986-8ad0-99feee7d5ea3,E-CRY-01,Cryptographic Protections,Cryptographic Protections,Documented evidence of organization-approved cryptographic solutions and modules for both data at rest and in transit.,"[""CRY-01"",""CRY-03"",""CRY-04"",""CRY-05"",""CRY-09"",""CRY-09.1"",""CRY-09.2"",""DCH-01"",""DCH-01.2""]",2025.1.1,,2025-07-19 21:33:19.80058+00,2025-07-19 21:33:19.80058+00
8fe512ee-b5d8-4277-8a1f-c5237bc90277,E-THR-03,Threat Management,Threat Intelligence Feeds (TIF),Documented evidence of threat intelligence feeds.,"[""THR-03""]",2025.1.1,,2025-07-19 21:33:19.80058+00,2025-07-19 21:33:19.80058+00
91fe1908-65a2-49a7-a0ce-2c8eab69897c,E-RSK-08,Risk Management,Risk Appetite,Documented evidence the organization has a defined risk appetite.,"[""RSK-01.1"",""RSK-01.5""]",2025.1.1,,2025-07-19 21:33:19.80058+00,2025-07-19 21:33:19.80058+00
92b27f5e-3aba-40ae-aa32-c73e406485a1,E-IAM-04,Identity & Access Management,User & Service Inventory,Documented evidence of an inventory of authorized users and services.,"[""IAC-01.3""]",2025.1.1,,2025-07-19 21:33:19.80058+00,2025-07-19 21:33:19.80058+00
943b9fde-22d2-45ec-a296-756d1e5284cd,E-AST-14,Asset Management,Secure Baseline Configurations - Databases,Documented evidence of secure baseline configurations for all deployed types of databases.,"[""CFG-02"",""CFG-03"",""CFG-02.5""]",2025.1.1,,2025-07-19 21:33:19.80058+00,2025-07-19 21:33:19.80058+00
94ab5279-1cc0-44a9-9234-0fc3ff2739b1,E-GOV-18,Cybersecurity & Data Protection Management,Exception Management,"Documented evidence of authorized exceptions to standards (e.g., configurations, practices, etc.)","[""CRY-01.1"",""GOV-02.1""]",2025.1.1,,2025-07-19 21:33:19.80058+00,2025-07-19 21:33:19.80058+00
95b54940-7b8f-4618-80ac-6d5a2d89befd,E-HRS-14,Human Resources,Responsibilities Review,Documented evidence of a formal review process to ensure assigned responsibilities currently reflect business needs for the assigned role.,"[""IAC-17""]",2025.1.1,,2025-07-19 21:33:19.80058+00,2025-07-19 21:33:19.80058+00
96dac0d0-7ac8-4591-b042-75212a6b8823,E-TDA-14,Technology Design & Acquisition,System Security & Privacy Plan (SSPP),"Documented evidence of at least one (1) System Security Plan (SSPP) that covers the sensitive/regulated data environment. There may be multiple SSPPs, based on applicable contracts.","[""AST-02.4"",""IAO-03""]",2025.1.1,,2025-07-19 21:33:19.80058+00,2025-07-19 21:33:19.80058+00
9ad6acac-25af-42ad-b350-b6f71ec51012,E-MON-02,Event Log Monitoring,Malware Activity,Documented evidence of malware activity being logged and included as part of the centralized event log collection and review/analysis process.,"[""MON-01.8"",""MON-02.2"",""END-04.3""]",2025.1.1,,2025-07-19 21:33:19.80058+00,2025-07-19 21:33:19.80058+00
9adae8f7-3413-452b-acd1-e88d93b3ca75,E-TDA-15,Technology Design & Acquisition,Updateability / Patchability View,Documented evidence of a description of the end-to-end process permitting software updates and patches to be deployed to the device/service.,"[""TDA-01.1"",""TDA-01.2"",""TDA-04.1""]",2025.1.1,,2025-07-19 21:33:19.80058+00,2025-07-19 21:33:19.80058+00
9c0184ad-26bc-4dd8-8f91-5ac09337ad13,E-VPM-01,Vulnerability & Patch Management,Vulnerability & Patch Management Program (VPMP),"Documented evidence of a Vulnerability & Patch Management Program (VPMP). This is program-level documentation in the form of a runbook, playbook or a similar format provides guidance on organizational practices that support existing policies and standards.","[""VPM-01"",""VPM-02"",""VPM-03""]",2025.1.1,,2025-07-19 21:33:19.80058+00,2025-07-19 21:33:19.80058+00
9c0fb66b-6cd1-481e-9eea-e87728a755b6,E-CAP-03,Capacity Management,Technology Performance Monitoring,Documented evidence of performance monitoring for technology-related capacity and/or performance criteria.,"[""CAP-04""]",2025.1.1,,2025-07-19 21:33:19.80058+00,2025-07-19 21:33:19.80058+00
9c61e231-f702-4fed-8b37-cc343c45c2af,E-AST-10,Asset Management,Prohibited Equipment List (PEM),Documented evidence of equipment identified by Federal Acquisition Regulation (FAR) section 889 prohibitions for certain telecommunications equipment.,"[""AST-17""]",2025.1.1,,2025-07-19 21:33:19.80058+00,2025-07-19 21:33:19.80058+00
9cf87911-904d-4139-a412-1fb320911ebb,E-AAT-06,Artificial Intelligence (AI) & Autonomous Technologies Governance,Impact Assessments for Artificial Intelligence and Autonomous Technologies (AAT),"Documented evidence of impact assessments of proposed Artificial Intelligence (AI) and Autonomous Technologies (AAT) on individuals, groups, communities, organizations and society.","[""AAT-07.1"",""AAT-07.2""]",2025.1.1,,2025-07-19 21:33:19.80058+00,2025-07-19 21:33:19.80058+00
9e426327-cd31-4d81-8efa-84a6995405df,E-VPM-04,Vulnerability Management,Red Team Testing,"Documented evidence of ""red team"" testing.","[""VPM-07.1""]",2025.1.1,,2025-07-19 21:33:19.80058+00,2025-07-19 21:33:19.80058+00
9f03b319-b204-425f-a3c6-fc7bef3b8261,E-AST-02,Asset Management,Asset Scoping Guidance,"Documented evidence of an asset scoping guidance. This is program-level documentation in the form of a runbook, playbook or a similar format provides guidance on defining in-scope systems, applications, services, processes and third-parties.","[""AST-04.1"",""AST-04.2"",""AST-04.3"",""CPL-01.2"",""IAO-01.1""]",2025.1.1,,2025-07-19 21:33:19.80058+00,2025-07-19 21:33:19.80058+00
9f69b191-4139-488c-b47f-b09c325f39ad,E-IAM-06,Identity & Access Management,"Authenticate, Authorize and Audit (AAA) Solution","Documented evidence of an Authenticate, Authorize and Audit (AAA) solution (on-premises and hosted by External Service Providers (ESP)).","[""IAC-01.2"",""IAC-02"",""IAC-02.2"",""IAC-03"",""IAC-03.5"",""IAC-04"",""IAC-05"",""IAC-21"",""IAC-28""]",2025.1.1,,2025-07-19 21:33:19.80058+00,2025-07-19 21:33:19.80058+00
a1683d9d-5646-405e-a290-aa1b855819fa,E-CPL-04,Compliance,Internal Audit (IA),Documented evidence of an Internal Audit (IA) capability.,"[""CPL-02.1""]",2025.1.1,,2025-07-19 21:33:19.80058+00,2025-07-19 21:33:19.80058+00
a38b8a64-0113-4b6b-bf4d-cce9c6446b6c,E-IAM-02,Identity & Access Management,Defined Roles & Authorizations (RBAC),"Documented evidence of defined access control-specific roles (e.g., Role Based Access Control (RBAC)) that affect both logical and physical access authorizations.","[""CFG-05"",""CHG-04"",""DCH-03"",""END-03"",""IAC-08"",""IAC-21""]",2025.1.1,,2025-07-19 21:33:19.80058+00,2025-07-19 21:33:19.80058+00
a3c0060b-c59b-4cc1-8e2a-be5f58def82c,E-HRS-11,Human Resources,Role Assignment - Sensitive / Regulated Data,Documented evidence of a formal role assignment to personnel who are cleared to handle sensitive/regulated data.,"[""HRS-02"",""HRS-02.1"",""HRS-03""]",2025.1.1,,2025-07-19 21:33:19.80058+00,2025-07-19 21:33:19.80058+00
a5ba6951-f144-4687-ad99-cdfc5cece8bb,E-GOV-01,Cybersecurity & Data Protection Management,Charter - Cybersecurity Program,Documented evidence of a charter to establish and resource the organization's cybersecurity program.,"[""GOV-01""]",2025.1.1,,2025-07-19 21:33:19.80058+00,2025-07-19 21:33:19.80058+00
a6011ae4-a8ea-4b87-bcb8-9c812842f245,E-IRO-07,Incident Response,IRP Updates,Documented evidence of a periodic review process for the organization's Incident Response Plan (IRP) to identify necessary updates.,"[""IRO-04.2""]",2025.1.1,,2025-07-19 21:33:19.80058+00,2025-07-19 21:33:19.80058+00
a80f8a65-b8c4-4066-ad95-c39196528e69,E-MNT-03,Maintenance,Patch Management,"Documented evidence of maintenance activities for systems, applications and services management (e.g., patch management).","[""VPM-01"",""VPM-04"",""VPM-05""]",2025.1.1,,2025-07-19 21:33:19.80058+00,2025-07-19 21:33:19.80058+00
aa8cf63f-3b1d-4893-860a-ef1cae53bc07,E-DCH-01,Data Protection,Data Classification Scheme,Documented evidence of an organization-specific data classification scheme.,"[""AST-04.1"",""DCH-02""]",2025.1.1,,2025-07-19 21:33:19.80058+00,2025-07-19 21:33:19.80058+00
aacc9b45-3831-46ab-be7b-a53717e717f5,E-HRS-12,Human Resources,Role Review,Documented evidence of a formal review process to ensure personnel roles currently reflect business needs.,"[""IAC-07"",""IAC-07.1"",""IAC-08"",""IAC-17""]",2025.1.1,,2025-07-19 21:33:19.80058+00,2025-07-19 21:33:19.80058+00
ab8ec8d2-ba0a-4581-93a4-0b54d920844a,E-HRS-18,Human Resources,Provisioning Checklist (Onboarding),Documented evidence of personnel management practices to formally onboard personnel into their assigned roles.,"[""HRS-03"",""HRS-03.1"",""HRS-04.2"",""HRS-05.7"",""HRS-10"",""IAC-07"",""IAC-28""]",2025.1.1,,2025-07-19 21:33:19.80058+00,2025-07-19 21:33:19.80058+00
ae8cc252-4de5-4642-9b31-cd8f075798a3,E-HRS-05,Human Resources,Role Assignment - CISO,Documented evidence of a formal role assignment to the Chief Information Security Officer (CISO) position.,"[""GOV-04""]",2025.1.1,,2025-07-19 21:33:19.80058+00,2025-07-19 21:33:19.80058+00
b147e8aa-3565-4466-ab5c-3bf999eb0cf7,E-CHG-03,Change Management,Change Control Board (CCB) Minutes,Documented evidence of Change Control Board (CCB) meeting minutes,"[""CHG-02.2""]",2025.1.1,,2025-07-19 21:33:19.80058+00,2025-07-19 21:33:19.80058+00
b28165e9-05ed-40eb-8c45-84a5bc5c4623,E-BCM-04,Business Continuity,COOP Root Cause Analysis (RCA),"Documented evidence of a Root Cause Analysis (RCA) from any Continuity of Operations Plan (COOP)-related training, testing or incident.","[""BCD-05""]",2025.1.1,,2025-07-19 21:33:19.80058+00,2025-07-19 21:33:19.80058+00
b28f28c5-67cc-4428-acc6-0f0356285b96,E-AAT-05,Artificial Intelligence (AI) & Autonomous Technologies Governance,Risk Management Decision Makers for Artificial Intelligence and Autonomous Technologies (AAT),"Documented evidence of diversity of demographics, disciplines, experience, expertise and backgrounds for mapping, measuring and managing Artificial Intelligence (AI) and Autonomous Technologies (AAT)-related risks.","[""AAT-07""]",2025.1.1,,2025-07-19 21:33:19.80058+00,2025-07-19 21:33:19.80058+00
b2e2c474-32a3-409e-93c0-28d2bfa60c05,E-AST-04,Asset Management,Asset Inventories - Hardware,"Documented evidence of an inventory of the organization's technology hardware assets. ","[""AST-02""]",2025.1.1,,2025-07-19 21:33:19.80058+00,2025-07-19 21:33:19.80058+00
b5fcdf32-3f7f-49fd-a476-345e2cabc3ee,E-PRI-05,Privacy,Data Sharing Agreement,"Documented evidence of formal data sharing practices that address, at a minimum:
• The business justification for the data sharing;
• The type / category of data being shared;
• The third-parties the data is being shared with;
• Lawful bases for data sharing; and
• Data subject rights.","[""PRI-01.5"",""PRI-07"",""PRI-07.1"",""PRI-07.2""]",2025.1.1,,2025-07-19 21:33:19.80058+00,2025-07-19 21:33:19.80058+00
b66914d7-44cb-48dd-8ab0-fad829ea9721,E-HRS-01,Human Resources,Position Categorization,"Documented evidence of a discrete roles for cybersecurity & data privacy functions (e.g., position categorization). ","[""GOV-04"",""HRS-01"",""HRS-02"",""HRS-03"",""HRS-03.1""]",2025.1.1,,2025-07-19 21:33:19.80058+00,2025-07-19 21:33:19.80058+00
b80156a5-e55e-4cb9-9c01-a5d0e1806271,E-PRI-04,Privacy,Data Protection Impact Assessment (DPIA),Documented evidence of Data Protection Impact Assessment (DPIA).,"[""RSK-10""]",2025.1.1,,2025-07-19 21:33:19.80058+00,2025-07-19 21:33:19.80058+00
bb1e854e-d348-4c65-9b27-658e0ee16da9,E-RSK-04,Risk Management,Cybersecurity Risk Assessment (RA),Documented evidence of a cybersecurity-specific risk assessment.,"[""RSK-02"",""RSK-02.1"",""RSK-03"",""RSK-04"",""RSK-05"",""VPM-02"",""VPM-03""]",2025.1.1,,2025-07-19 21:33:19.80058+00,2025-07-19 21:33:19.80058+00
bb7d5450-c04d-4c9b-9824-41d274737263,E-CHG-04,Change Management,Evidence of Cybersecurity / Data Privacy Reviews,Documented evidence of Change Control Board (CCB) meeting-related cybersecurity and/or data privacy reviews for proposed change(s).,"[""CHG-02.3"",""CHG-03""]",2025.1.1,,2025-07-19 21:33:19.80058+00,2025-07-19 21:33:19.80058+00
bc378a6d-3a4a-4eb7-9cf4-26284c2739b2,E-MON-06,Event Log Monitoring,Automated Event Escalation & Reporting,"Documented evidence of a capability for selected events to alert applicable personnel, or roles, based on the type of event. This can be demonstrated by the configuration of a Security Incident Event Manager (SIEM), or similar technology, that helps automate event log analysis and reporting.","[""MON-01"",""MON-01.1"",""MON-01.3"",""MON-01.4"",""MON-01.12""]",2025.1.1,,2025-07-19 21:33:19.80058+00,2025-07-19 21:33:19.80058+00
bc9a2888-d2db-45a1-9fb2-9772843989a6,E-TPM-03,Third-Party Management,Third-Party Service Reviews,"Documented evidence of a formal, annual stakeholder review of third-party services for each Third-Party Service Provider (TSP).","[""TPM-01"",""TPM-03.2"",""TPM-03.3"",""TPM-04.1"",""TPM-05"",""TPM-05.5"",""TPM-08"",""TPM-09""]",2025.1.1,,2025-07-19 21:33:19.80058+00,2025-07-19 21:33:19.80058+00
be347e7a-9a8e-47da-9a92-9f89b4b4cc40,E-AST-17,Asset Management,Secure Baseline Configurations - Minor Applications,Documented evidence of secure baseline configurations for all deployed types of minor applications.,"[""CFG-02"",""CFG-03"",""CFG-02.5""]",2025.1.1,,2025-07-19 21:33:19.80058+00,2025-07-19 21:33:19.80058+00
be74fc4a-9d7d-4b0b-a727-780fe279d802,E-HRS-19,Human Resources,Deprovisioning Checklist (Offboarding),Documented evidence of personnel management practices to formally offboard personnel from their assigned roles due to employment termination or role change.,"[""HRS-06.2"",""HRS-09"",""HRS-09.1"",""HRS-09.2"",""HRS-09.3"",""IAC-07"",""IAC-07.1"",""IAC-07.2""]",2025.1.1,,2025-07-19 21:33:19.80058+00,2025-07-19 21:33:19.80058+00
c027fd6f-9262-44cf-918c-7e3bb72a84c3,E-BCM-12,Business Continuity,Backups - Remote,Documented evidence of event logs for the off-site / remote data backup solution.,"[""BCD-11"",""BCD-11.2"",""BCD-11.6""]",2025.1.1,,2025-07-19 21:33:19.80058+00,2025-07-19 21:33:19.80058+00
c044ab03-0c14-42d3-9ab9-3b71384d9bf9,E-VPM-03,Vulnerability Management,Penetration Testing - Network,Documented evidence of internal and external network penetration testing activities that focus on discovering and exploiting security vulnerabilities.,"[""VPM-07""]",2025.1.1,,2025-07-19 21:33:19.80058+00,2025-07-19 21:33:19.80058+00
c0a46aca-9a9b-4b78-a3e6-fd33a4e226d1,E-GOV-10,Cybersecurity & Data Protection Management,Cybersecurity & Data Protection Controls,"Documented evidence of an appropriately-scoped cybersecurity & data protection controls. Controls are technical, administrative or physical safeguards. Controls are the nexus used to manage risks through preventing, detecting or lessening the ability of a particular threat from negatively impacting business processes. Controls directly map to standards, since control testing is designed to measure specific aspects of how standards are actually implemented.","[""GOV-09"",""CPL-01"",""CPL-01.2"",""BCD-13"",""BCD-13.1"",""SEA-01.1"",""SEA-01.2""]",2025.1.1,,2025-07-19 21:33:19.80058+00,2025-07-19 21:33:19.80058+00
c33dfa36-018c-4036-bd15-98e7d34f3660,E-RSK-09,Risk Management,Risk Catalog,Documented evidence of a risk catalog.,"[""RSK-03.1""]",2025.1.1,,2025-07-19 21:33:19.80058+00,2025-07-19 21:33:19.80058+00
c3b9c67c-618d-4c7c-9491-691ccefdb858,E-BCM-06,Business Continuity,COOP Testing,Documented evidence of a Continuity of Operations Plan (COOP)-related testing activity.,"[""BCD-03.1"",""BCD-04""]",2025.1.1,,2025-07-19 21:33:19.80058+00,2025-07-19 21:33:19.80058+00
c6c01fc8-bf4e-449b-a1cb-4801f0e82b6d,E-GOV-02,Cybersecurity & Data Protection Management,Charter - Data Privacy Program,Documented evidence of a charter to establish and resource the organization's data privacy program.,"[""GOV-01"",""PRI-01""]",2025.1.1,,2025-07-19 21:33:19.80058+00,2025-07-19 21:33:19.80058+00
c6d753eb-8719-48f7-a536-497d35d842b9,E-IRO-10,Incident Response,Chain of Custody,"Documented evidence of an in-house, or externally contracted, capability to perform digital forensics and maintain the integrity of the chain of custody, in accordance with applicable laws, regulations and industry-recognized secure practices.","[""IRO-08""]",2025.1.1,,2025-07-19 21:33:19.80058+00,2025-07-19 21:33:19.80058+00
cae29293-25c0-4052-8d53-a36709321d9d,E-CHG-02,Change Management,Charter - Change Control Board (CCB),Documented evidence of the organization's Change Control Board (CCB) charter and mission to govern the organization's change control processes.,"[""CHG-01"",""CHG-02"",""CHG-02.1""]",2025.1.1,,2025-07-19 21:33:19.80058+00,2025-07-19 21:33:19.80058+00
ccc1fa0b-6608-4864-b82b-08f682ab8eaa,E-TDA-01,Technology Design & Acquisition,Secure Software Development Principles (SSDP),"Documented evidence of a Secure Software Development Principles (SSDP). This is program-level documentation in the form of a runbook, playbook or a similar format provides guidance on organizational practices that support existing policies and standards.","[""SEA-01"",""TDA-01"",""TDA-14"",""TDA-14.1"",""TDA-14.2""]",2025.1.1,,2025-07-19 21:33:19.80058+00,2025-07-19 21:33:19.80058+00
ced0ec95-62e8-4f8c-91d5-82cd2bf8e033,E-RSK-02,Risk Management,Supply Chain Risk Management (SCRM) Plan,"Documented evidence of a Supply Chain Risk Management (SCRM) Plan. This is program-level documentation in the form of a playbook, concept of operations or a similar format provides guidance on organizational practices that support existing policies and standards. ","[""IRO-10.4"",""RSK-09"",""TPM-03"",""TPM-05"",""TPM-05.2""]",2025.1.1,,2025-07-19 21:33:19.80058+00,2025-07-19 21:33:19.80058+00
d09b4066-a4e2-4ee7-bd7e-fe85de3c8ebe,E-IRO-11,Incident Response,Incident Reporting Capability,"Documented evidence of a capability to provide situational awareness of incidents to internal stakeholders and generated necessary reporting to affected clients, applicable third-parties and regulatory authorities.","[""IRO-10"",""IRO-10.2""]",2025.1.1,,2025-07-19 21:33:19.80058+00,2025-07-19 21:33:19.80058+00
d107d6bc-438d-45b5-99af-634715ba7be0,E-THR-06,Threat Management,Threat Catalog,Documented evidence of a threat catalog.,"[""THR-09""]",2025.1.1,,2025-07-19 21:33:19.80058+00,2025-07-19 21:33:19.80058+00
d24a3e44-7e23-4065-9da1-c3102a89692b,E-AST-05,Asset Management,Asset Inventories - Software,"Documented evidence of an inventory of the organization's software assets. ","[""AST-02""]",2025.1.1,,2025-07-19 21:33:19.80058+00,2025-07-19 21:33:19.80058+00
d2f90ff8-1385-46c5-8976-54e300f0a476,E-BCM-07,Business Continuity,COOP Training,Documented evidence of a Continuity of Operations Plan (COOP)-related training activity.,"[""BCD-03"",""BCD-04""]",2025.1.1,,2025-07-19 21:33:19.80058+00,2025-07-19 21:33:19.80058+00
d491f83c-8bb2-41fb-a705-94622abb6d5a,E-GOV-06,Cybersecurity & Data Protection Management,Charter - Risk Committee,"Documented evidence of an executive steering committee, or advisory board, that is formed to perform oversight of risk management decisions and is comprised of key cybersecurity, technology, risk, privacy and business executives.","[""GOV-01.2"",""CPL-02""]",2025.1.1,,2025-07-19 21:33:19.80058+00,2025-07-19 21:33:19.80058+00
d5264057-9af3-4cef-8f7e-b23651765e54,E-GOV-11,Cybersecurity & Data Protection Management,Cybersecurity & Data Protection Procedures,"Documented evidence of an appropriate appropriately-scoped cybersecurity & data protection procedures. Procedures are a documented set of steps necessary to perform a specific task or process in conformance with an applicable standard. Procedures help address the question of how the organization actually operationalizes a policy, standard or control. The result of a procedure is intended to satisfy a specific control. Procedures are also commonly referred to as “control activities.”","[""GOV-02"",""OPS-01.1"",""BCD-13"",""BCD-13.1""]",2025.1.1,,2025-07-19 21:33:19.80058+00,2025-07-19 21:33:19.80058+00
d69fd66d-acb9-45f8-91cd-5d6669b25e75,E-IAO-01,Information Assurance,Information Assurance Program (IAP),"Documented evidence of a Information Assurance Program (IAP). This is program-level documentation in the form of a runbook, playbook or a similar format provides guidance on organizational practices that support existing policies and standards.","[""IAO-01"",""IAO-02.4""]",2025.1.1,,2025-07-19 21:33:19.80058+00,2025-07-19 21:33:19.80058+00
d7e66638-4930-4d65-80e7-4b9d8c7b17c7,E-GOV-13,Cybersecurity & Data Protection Management,Measures of Performance (Metrics),"Documented evidence of formal measure of performance that are used to track the health of the cybersecurity & data protection program (e.g., metrics, KPIs, KRIs).","[""GOV-01.2"",""GOV-05"",""GOV-05.2"",""CPL-02""]",2025.1.1,,2025-07-19 21:33:19.80058+00,2025-07-19 21:33:19.80058+00
daec45ea-5f09-423e-bf6e-853f5d52be07,E-HRS-06,Human Resources,Role Assignment - COO,Documented evidence of a formal role assignment to the Chief Operations Officer (COO) position.,"[""GOV-04""]",2025.1.1,,2025-07-19 21:33:19.80058+00,2025-07-19 21:33:19.80058+00
dc24017f-5313-415e-a378-c331244528e4,E-HRS-08,Human Resources,Role Assignment - CPO,Documented evidence of a formal role assignment to the Chief Privacy Officer (CPO) position.,"[""GOV-04"",""PRI-01.1""]",2025.1.1,,2025-07-19 21:33:19.80058+00,2025-07-19 21:33:19.80058+00
dc48215c-6bd3-409c-a7e3-ac90974a5704,E-CHG-01,Change Management,Business Impact Analysis (BIA),Documented evidence of a Business Impact Analysis (BIA) for proposed changes.,"[""RSK-08"",""TDA-06.1""]",2025.1.1,,2025-07-19 21:33:19.80058+00,2025-07-19 21:33:19.80058+00
dda9de75-a779-44d3-a1e3-e84bd4de13d6,E-VPM-06,Vulnerability Management,Attack Surface Scope,"Documented evidence of the organization defining its attack surface (e.g., may be in the form of graphical network diagrams or other forms of written documentation).","[""VPM-01.1""]",2025.1.1,,2025-07-19 21:33:19.80058+00,2025-07-19 21:33:19.80058+00
dddedf29-6e7b-4356-984e-2f8c3b686af7,E-IRO-04,Incident Response,IRP Testing,Documented evidence of an Incident Response Plan (IRP)-related testing activity.,"[""IRO-06""]",2025.1.1,,2025-07-19 21:33:19.80058+00,2025-07-19 21:33:19.80058+00
dffab384-9502-4fc4-b85a-57d62090d868,E-DCH-06,Data Protection,Third-Party Inventories,"Documented evidence of an inventory of Third-Party Service Providers (TSP), contractors, vendors, etc. that directly or indirectly impact the organization's data, systems, applications, services and/or processes.","[""TPM-01.1""]",2025.1.1,,2025-07-19 21:33:19.80058+00,2025-07-19 21:33:19.80058+00
e0e9a328-545e-4a4d-9cda-0b39e9ab89a5,E-MON-03,Event Log Monitoring,Privileged User Oversight,Documented evidence of privileged user activity being logged and included as part of the centralized event log collection and review/analysis process.,"[""MON-01.14"",""MON-01.15""]",2025.1.1,,2025-07-19 21:33:19.80058+00,2025-07-19 21:33:19.80058+00
e11630f8-41c0-418e-9b9b-0e724e320f71,E-HRS-22,Human Resources,Rules of Behavior,"Documented evidence of personnel management practices to define ""acceptable use"" or ""rules of behavior"" criteria that specify acceptable and unacceptable user behaviors. ","[""HRS-02"",""HRS-02.1"",""HRS-03"",""HRS-05"",""HRS-05.1"",""HRS-05.2"",""HRS-05.3"",""HRS-05.4"",""HRS-05.5"",""HRS-10""]",2025.1.1,,2025-07-19 21:33:19.80058+00,2025-07-19 21:33:19.80058+00
e2211dec-5f24-435e-84d5-5480c6afc5d8,E-CAP-02,Capacity Management,Resource Prioritization,"Documented evidence of resource prioritization to maintain business performance requirements for critical systems, applications and/or services.","[""CAP-02""]",2025.1.1,,2025-07-19 21:33:19.80058+00,2025-07-19 21:33:19.80058+00
e3585bf4-1e25-42bf-bb7a-750b43cc1e33,E-AAT-03,Artificial Intelligence (AI) & Autonomous Technologies Governance,Secure Development Practices for Artificial Intelligence and Autonomous Technologies (AAT).,Documented evidence of industry-recognized secure practices to develop and maintain trustworthy Artificial Intelligence and Autonomous Technologies (AAT).,"[""AAT-01.2""]",2025.1.1,,2025-07-19 21:33:19.80058+00,2025-07-19 21:33:19.80058+00
e664f4c9-a8eb-45e2-81bd-d8faec20dbdd,E-TDA-09,Technology Design & Acquisition,Security Architecture View,"Documented evidence that identifies security-relevant system elements and their interfaces:
• Define security context, domains, boundaries, and external interfaces of the system;
• Align the architecture with (a) the system security objectives and requirements, (b) security design characteristics; and
• Establish traceability of architecture elements to user and system security requirements.","[""CLD-02"",""SEA-01"",""SEA-02"",""SEA-03""]",2025.1.1,,2025-07-19 21:33:19.80058+00,2025-07-19 21:33:19.80058+00
e6911a7b-1fae-4c3d-a6b0-9037774467c1,E-BCM-05,Business Continuity,COOP Updates,Documented evidence of a periodic review process for the organization's Continuity of Operations Plan (COOP) to identify necessary updates.,"[""BCD-06""]",2025.1.1,,2025-07-19 21:33:19.80058+00,2025-07-19 21:33:19.80058+00
e7078a84-af82-4f20-97f7-89a71cf83fda,E-BCM-10,Business Continuity,Backups,Documented evidence of a Continuity of Operations Plan (COOP)-related data backup scheme that demonstrates the methods of data backup (including protection measures) for all data types to ensure business continuity requirements.,"[""BCD-11"",""BCD-11.1""]",2025.1.1,,2025-07-19 21:33:19.80058+00,2025-07-19 21:33:19.80058+00
e70e079e-c25f-4049-a2b9-149646f11596,E-AST-13,Asset Management,Secure Baseline Configurations - Cloud-Based Services,Documented evidence of secure baseline configurations for all deployed types of cloud-based services or applications.,"[""CFG-02"",""CFG-03"",""CFG-02.5""]",2025.1.1,,2025-07-19 21:33:19.80058+00,2025-07-19 21:33:19.80058+00
e8724f27-9603-4184-aefa-d2d7238493d8,E-AAT-10,Artificial Intelligence (AI) & Autonomous Technologies Governance,Source Data Identification for Artificial Intelligence and Autonomous Technologies (AAT),Documented evidence of data sources utilized in the training and/or operation of Artificial Intelligence and Autonomous Technologies (AAT).,"[""AAT-12.1""]",2025.1.1,,2025-07-19 21:33:19.80058+00,2025-07-19 21:33:19.80058+00
eb5fa80a-fcab-4cda-9897-75a682e559c2,E-VPM-05,Vulnerability Management,Vulnerability Assessments,Documented evidence of internal and external vulnerability assessment activities.,"[""VPM-06"",""VPM-06.6"",""VPM-06.7""]",2025.1.1,,2025-07-19 21:33:19.80058+00,2025-07-19 21:33:19.80058+00
eb9fb185-63d2-478e-9810-032a39baeddd,E-PRM-03,Resource Management,Secure Development Lifecycle (SDLC),Documented evidence of a secure development lifecycle that the organization utilizes for new initiatives or significant changes to existing initiatives to ensure cybersecurity & data privacy principles are identified and implemented by default.,"[""PRM-04"",""PRM-05"",""PRM-06"",""PRM-07""]",2025.1.1,,2025-07-19 21:33:19.80058+00,2025-07-19 21:33:19.80058+00
ec05046b-3f26-4520-b575-a5541eff3b1d,E-NET-03,Network Security,Work From Anywhere (WFA) Guidance (remote workers),"Documented evidence of administrative and technical measures that are enforced at ""alternate work sites"" which includes working from home or working while traveling on business.","[""NET-14"",""NET-14.5""]",2025.1.1,,2025-07-19 21:33:19.80058+00,2025-07-19 21:33:19.80058+00
ec17a4dc-c5eb-42ce-b234-fc6ecfe41d7c,E-BCM-08,Business Continuity,COOP Criticality Analysis,Documented evidence of a Continuity of Operations Plan (COOP)-related criticality analysis.,"[""BCD-02"",""TDA-06.1""]",2025.1.1,,2025-07-19 21:33:19.80058+00,2025-07-19 21:33:19.80058+00
eee9b33e-3fb4-4b10-b413-f44c4319590a,E-BCM-02,Business Continuity,Recovery Time Objectives (RTOs),Documented evidence of Recovery Time Objectives (RTOs) that guide Continuity of Operations Plan (COOP)-related operations.,"[""BCD-01.4""]",2025.1.1,,2025-07-19 21:33:19.80058+00,2025-07-19 21:33:19.80058+00
ef2c6282-22f1-4dca-9572-fbd97cd6f783,E-TPM-01,Third-Party Management,Third-Party Contracts,Documented evidence of third-party contractual obligations for cybersecurity & data privacy protections.,"[""PRI-07"",""PRI-07.1"",""PRI-07.2"",""TPM-01"",""TPM-03.2"",""TPM-03.3"",""TPM-04.1"",""TPM-05"",""TPM-04.3"",""TPM-05.3"",""TPM-05.6"",""TPM-06"",""TPM-10"",""TPM-11""]",2025.1.1,,2025-07-19 21:33:19.80058+00,2025-07-19 21:33:19.80058+00
efc1b05c-beb9-4e2f-850b-724c3bb29cf3,E-HRS-09,Human Resources,Role Assignment - CRO,Documented evidence of a formal role assignment to the Chief Risk Officer (CRO) position.,"[""GOV-04""]",2025.1.1,,2025-07-19 21:33:19.80058+00,2025-07-19 21:33:19.80058+00
f2b723ee-8bef-4008-afda-d8290c48451f,E-TPM-04,Third-Party Management,Service Level Agreements (SLAs),Documented evidence of third-party Service Level Agreements (SLAs) to support business operations.,"[""BCD-09.3"",""BCD-10.1"",""OPS-03""]",2025.1.1,,2025-07-19 21:33:19.80058+00,2025-07-19 21:33:19.80058+00
f3bf01cb-5d0a-41d3-ab4e-ac144376b5c6,E-NET-04,Network Security,Network Security Controls (NSC),"Documented evidence of the organization's network security controls (e.g., boundary protections, content filtering, wireless infrastructure, etc.).","[""NET-01""]",2025.1.1,,2025-07-19 21:33:19.80058+00,2025-07-19 21:33:19.80058+00
f44540cb-d576-4887-bb1c-aef1ed02eac3,E-PES-03,"Physical Security ",Defined Physical Security Roles,Documented evidence of defined physical access control-specific roles that limit physical access to rooms and/or facilities.,"[""PES-02"",""PES-02.1""]",2025.1.1,,2025-07-19 21:33:19.80058+00,2025-07-19 21:33:19.80058+00
f557273f-044b-481b-aa0a-f1274dbfd750,E-IRO-05,Incident Response,Table Top Exercises,"Documented evidence of ""table top"" exercises that test incident response practices.","[""IRO-05""]",2025.1.1,,2025-07-19 21:33:19.80058+00,2025-07-19 21:33:19.80058+00
f5af1bae-216b-443d-b703-12f56d2a1bc5,E-HRS-26,Human Resources,Vital Cybersecurity & Data Privacy Staff,Documented evidence of personnel management practices to formally identify vital cybersecurity & data privacy personnel.,"[""HRS-13.2""]",2025.1.1,,2025-07-19 21:33:19.80058+00,2025-07-19 21:33:19.80058+00
f6e11e94-e304-4a86-ae6d-f16ed3daf209,E-IRO-06,Incident Response,IRP Training,Documented evidence of an Incident Response Plan (IRP)-related training activity.,"[""IRO-05""]",2025.1.1,,2025-07-19 21:33:19.80058+00,2025-07-19 21:33:19.80058+00
f7610782-84d0-457c-a994-cf831bed08d1,E-AST-09,Asset Management,Computer Lifecycle Plan (CLP),Documented evidence of a Computer Lifecycle Plan (CLP) that describes how the life of technology assets is managed.,"[""SEA-07"",""SEA-07.1"",""TDA-17""]",2025.1.1,,2025-07-19 21:33:19.80058+00,2025-07-19 21:33:19.80058+00
f7b067d5-a745-4236-bdf6-497010bbc4e3,E-HRS-21,Human Resources,Position Competency Requirements,Documented evidence of personnel management practices to define minimum competency requirements for cybersecurity & data privacy-related roles.,"[""HRS-03.2"",""HRS-04"",""HRS-04.1""]",2025.1.1,,2025-07-19 21:33:19.80058+00,2025-07-19 21:33:19.80058+00
f84370d9-e15e-4721-82b1-a0700226ad1f,E-TDA-06,Technology Design & Acquisition,Multi Patient Harm View (MPHV),Documented evidence of a description of a Multi Patient Harm View (MPHV) that explains how the device / system defends against and/or responds to attacks with the potential to harm multiple patients. [note MPHV is specific to medical device manufacturers],"[""TDA-01.1"",""TDA-02"",""TDA-04"",""TDA-04.1""]",2025.1.1,,2025-07-19 21:33:19.80058+00,2025-07-19 21:33:19.80058+00
f8734207-91c7-4230-b057-713edbbd4f33,E-GOV-04,Cybersecurity & Data Protection Management,Charter - Data Privacy Steering Committee,"Documented evidence of an executive steering committee, or advisory board, that is formed to perform oversight of privacy management decisions and is comprised of key cybersecurity, technology, risk, privacy and business executives.","[""GOV-01.2"",""CPL-02""]",2025.1.1,,2025-07-19 21:33:19.80058+00,2025-07-19 21:33:19.80058+00
f96eee60-64df-43aa-99f4-23a6b238b39e,E-THR-01,Threat Management,Indicators of Exposure (IOE),Documented evidence of defined Indicators of Exposure (IOE).,"[""THR-02""]",2025.1.1,,2025-07-19 21:33:19.80058+00,2025-07-19 21:33:19.80058+00
fc9543ee-de11-4ab5-9cce-4cb9586aa923,E-PES-04,"Physical Security ",Site Security Plan (Site Plan),Documented evidence of a site security plan (site plan).,"[""PES-01.1""]",2025.1.1,,2025-07-19 21:33:19.80058+00,2025-07-19 21:33:19.80058+00